﻿Designator,Footprint,Quantity,Value,LCSC Part #
"C29, C30, C31, C32, C33, C34, C35, C36, C37, C38, C39, C40, C41, C42, C43, C44, C45, C46, C47, C48, C49, C50, C51, C52, C53, C54, C55, C56",0805,28,C,
"D1, D10, D11, D12, D17, D18, D19, D2, D20, D25, D26, D27, D28, D3, D33, D34, D35, D36, D4, D41, D42, D43, D44, D49, D50, D51, D52, D9",Diode,28,D,
"D101, D102, D103, D104, D110, D111, D112, D113, D58, D59, D64, D65, D66, D67, D68, D73, D74, D75, D76, D77, D82, D83, D84, D85, D86, D92, D93, D94, D95",LED_6028R,29,SK6812MINI,
D57,D_DO-35_SOD27_P7.62mm_Horizontal,1,1N4148,
J3,RJ45_Amphenol_54602-x08_Horizontal,1,RJ45,
"S1, S10, S11, S12, S17, S18, S19, S2, S20, S25, S26, S27, S28, S3, S33, S34, S35, S36, S4, S41, S42, S43, S44, S49, S50, S51, S52, S9",MX-Hotswap-1U,28,SW_Push_45deg,
U2,RaspberryPi_Pico_Common_THT,1,Pico,
